<?xml version="1.0" encoding="utf-8"?>
<!--/15925936/555595/2.49/8/0/Undefined or Miscellaneous/-->
<quadcept_library>
  <setting unit="mil" />
  <textstyle name="Default" height="47.244094488189" strokewidth="7.8740157480315" charwidth="47.244094488189" />
  <textstyle name="Dimension" height="19.6850393700787" strokewidth="0" charwidth="19.6850393700787" />
  <textstyle name="H127W0635TH00762" height="50" strokewidth="3" charwidth="25" />
  <textstyle name="H15W15TH02" height="59.0551181102362" strokewidth="7.8740157480315" charwidth="59.0551181102362" />
  <padstyle name="c105.7_h65.7" surface="False" plated="True" isvia="False" nopaste="True" nomask="True" complex="False" holesize="25.866141732283">
    <padshape layer="TOP" shape="round" width="41.614173228346" height="41.614173228346" />
    <padshape layer="TOP_SOLDER_MASK" shape="round" width="49.488188976377" height="49.488188976377" />
    <padshape layer="INNER" shape="round" width="41.614173228346" height="41.614173228346" />
    <padshape layer="BOTTOM" shape="round" width="41.614173228346" height="41.614173228346" />
    <padshape layer="BOTTOM_SOLDER_MASK" shape="round" width="49.488188976377" height="49.488188976377" />
  </padstyle>
  <padstyle name="s105.7_h65.7" surface="False" plated="True" isvia="False" nopaste="True" nomask="True" complex="False" holesize="25.866141732283">
    <padshape layer="TOP" shape="square" width="41.614173228346" height="41.614173228346" />
    <padshape layer="TOP_SOLDER_MASK" shape="square" width="49.488188976377" height="49.488188976377" />
    <padshape layer="INNER" shape="round" width="41.614173228346" height="41.614173228346" />
    <padshape layer="BOTTOM" shape="square" width="41.614173228346" height="41.614173228346" />
    <padshape layer="BOTTOM_SOLDER_MASK" shape="square" width="49.488188976377" height="49.488188976377" />
  </padstyle>
  <footprint name="DIP795W46P254L952H572Q8N" originx="0" originy="0" pickpointx="0" pickpointy="0">
    <pcbpin number="1" name="1" style="s105.7_h65.7" originx="-156.49606299212" originy="150" rotation="90" />
    <pcbpin number="2" name="2" style="c105.7_h65.7" originx="-156.49606299212" originy="49.999999999999" rotation="90" />
    <pcbpin number="3" name="3" style="c105.7_h65.7" originx="-156.49606299212" originy="-49.999999999999" rotation="90" />
    <pcbpin number="4" name="4" style="c105.7_h65.7" originx="-156.49606299212" originy="-150" rotation="90" />
    <pcbpin number="5" name="5" style="c105.7_h65.7" originx="156.49606299212" originy="-150" rotation="90" />
    <pcbpin number="6" name="6" style="c105.7_h65.7" originx="156.49606299212" originy="-49.999999999999" rotation="90" />
    <pcbpin number="7" name="7" style="c105.7_h65.7" originx="156.49606299212" originy="49.999999999999" rotation="90" />
    <pcbpin number="8" name="8" style="c105.7_h65.7" originx="156.49606299212" originy="150" rotation="90" />
    <line layer="TOP_PLACE_BOUND" originx="-193.14960629921" originy="202.36220472441" endx="193.14960629921" endy="202.36220472441" width="1.9685039370079" />
    <line layer="TOP_PLACE_BOUND" originx="193.14960629921" originy="202.36220472441" endx="193.14960629921" endy="-202.36220472441" width="1.9685039370079" />
    <line layer="TOP_PLACE_BOUND" originx="193.14960629921" originy="-202.36220472441" endx="-193.14960629921" endy="-202.36220472441" width="1.9685039370079" />
    <line layer="TOP_PLACE_BOUND" originx="-193.14960629921" originy="-202.36220472441" endx="-193.14960629921" endy="202.36220472441" width="1.9685039370079" />
    <line layer="TOP_ASSEMBLY" originx="-130" originy="192.51968503937" endx="130" endy="192.51968503937" width="3.9370078740157" />
    <line layer="TOP_ASSEMBLY" originx="130" originy="192.51968503937" endx="130" endy="-192.51968503937" width="3.9370078740157" />
    <line layer="TOP_ASSEMBLY" originx="130" originy="-192.51968503937" endx="-130" endy="-192.51968503937" width="3.9370078740157" />
    <line layer="TOP_ASSEMBLY" originx="-130" originy="-192.51968503937" endx="-130" endy="192.51968503937" width="3.9370078740157" />
    <line layer="TOP_ASSEMBLY" originx="-130" originy="142.51968503937" endx="-79.999999999999" endy="192.51968503937" width="3.9370078740157" />
    <line layer="TOP_SILKSCREEN" originx="-177.32283464567" originy="192.51968503937" endx="130" endy="192.51968503937" width="7.8740157480314" />
    <line layer="TOP_SILKSCREEN" originx="-130" originy="-192.51968503937" endx="130" endy="-192.51968503937" width="7.8740157480314" />
  </footprint>
  <symbol name="AT24C64B-10PU-2.7" originx="0" originy="0">
    <line originx="200" originy="100" endx="800" endy="100" width="0" />
    <line originx="800" originy="-400" endx="800" endy="100" width="0" />
    <line originx="800" originy="-400" endx="200" endy="-400" width="0" />
    <line originx="200" originy="100" endx="200" endy="-400" width="0" />
    <sympin number="1" originx="200" originy="0" rotation="180" length="100" width="7.8740157480315" flipped="False">
      <text name="pinname" originx="230" originy="0" style="Default" rotation="0" justify="left" flipped="False" hidden="False" data="A0" />
      <text name="pindes" originx="140" originy="20" style="Default" rotation="0" justify="lowerright" flipped="False" hidden="False" data="1" />
    </sympin>
    <sympin number="2" originx="200" originy="-100" rotation="180" length="100" width="7.8740157480315" flipped="False">
      <text name="pinname" originx="230" originy="-100" style="Default" rotation="0" justify="left" flipped="False" hidden="False" data="A1" />
      <text name="pindes" originx="140" originy="-80" style="Default" rotation="0" justify="lowerright" flipped="False" hidden="False" data="2" />
    </sympin>
    <sympin number="3" originx="200" originy="-200" rotation="180" length="100" width="7.8740157480315" flipped="False">
      <text name="pinname" originx="230" originy="-200" style="Default" rotation="0" justify="left" flipped="False" hidden="False" data="A2" />
      <text name="pindes" originx="140" originy="-180" style="Default" rotation="0" justify="lowerright" flipped="False" hidden="False" data="3" />
    </sympin>
    <sympin number="4" originx="200" originy="-300" rotation="180" length="100" width="7.8740157480315" flipped="False">
      <text name="pinname" originx="230" originy="-300" style="Default" rotation="0" justify="left" flipped="False" hidden="False" data="GND" />
      <text name="pindes" originx="140" originy="-280" style="Default" rotation="0" justify="lowerright" flipped="False" hidden="False" data="4" />
    </sympin>
    <sympin number="8" originx="800" originy="0" rotation="0" length="100" width="7.8740157480315" flipped="False">
      <text name="pinname" originx="770" originy="0" style="Default" rotation="0" justify="right" flipped="False" hidden="False" data="VCC" />
      <text name="pindes" originx="860" originy="20" style="Default" rotation="0" justify="lowerleft" flipped="False" hidden="False" data="8" />
    </sympin>
    <sympin number="7" originx="800" originy="-100" rotation="0" length="100" width="7.8740157480315" flipped="False">
      <text name="pinname" originx="770" originy="-100" style="Default" rotation="0" justify="right" flipped="False" hidden="False" data="WP" />
      <text name="pindes" originx="860" originy="-80" style="Default" rotation="0" justify="lowerleft" flipped="False" hidden="False" data="7" />
    </sympin>
    <sympin number="6" originx="800" originy="-200" rotation="0" length="100" width="7.8740157480315" flipped="False">
      <text name="pinname" originx="770" originy="-200" style="Default" rotation="0" justify="right" flipped="False" hidden="False" data="SCL" />
      <text name="pindes" originx="860" originy="-180" style="Default" rotation="0" justify="lowerleft" flipped="False" hidden="False" data="6" />
    </sympin>
    <sympin number="5" originx="800" originy="-300" rotation="0" length="100" width="7.8740157480315" flipped="False">
      <text name="pinname" originx="770" originy="-300" style="Default" rotation="0" justify="right" flipped="False" hidden="False" data="SDA" />
      <text name="pindes" originx="860" originy="-280" style="Default" rotation="0" justify="lowerleft" flipped="False" hidden="False" data="5" />
    </sympin>
  </symbol>
  <component name="AT24C64B-10PU-2.7" designatorprefix="U" height="225" footprint="DIP795W46P254L952H572Q8N">
    <comppin designator="1" sympin="1" pinswap="0" gateswap="0" gate="1" group="1" side="" type="Input" name="A0" />
    <comppin designator="2" sympin="2" pinswap="0" gateswap="0" gate="1" group="1" side="" type="Input" name="A1" />
    <comppin designator="3" sympin="3" pinswap="0" gateswap="0" gate="1" group="1" side="" type="Input" name="A2" />
    <comppin designator="4" sympin="4" pinswap="0" gateswap="0" gate="1" group="1" side="" type="Power" name="GND" />
    <comppin designator="5" sympin="5" pinswap="0" gateswap="0" gate="1" group="1" side="" type="Bi-Directional" name="SDA" />
    <comppin designator="6" sympin="6" pinswap="0" gateswap="0" gate="1" group="1" side="" type="Input" name="SCL" />
    <comppin designator="7" sympin="7" pinswap="0" gateswap="0" gate="1" group="1" side="" type="Input" name="WP" />
    <comppin designator="8" sympin="8" pinswap="0" gateswap="0" gate="1" group="1" side="" type="Power" name="VCC" />
    <attached_symbol gate="1" name="AT24C64B-10PU-2.7" />
    <pinmap designator="1" footprintpin="1" />
    <pinmap designator="2" footprintpin="2" />
    <pinmap designator="3" footprintpin="3" />
    <pinmap designator="4" footprintpin="4" />
    <pinmap designator="5" footprintpin="5" />
    <pinmap designator="6" footprintpin="6" />
    <pinmap designator="7" footprintpin="7" />
    <pinmap designator="8" footprintpin="8" />
    <text name="Datasheet" originx="0" originy="0" style="Default" rotation="0" justify="" flipped="False" hidden="True" data="" />
    <text name="Description" originx="0" originy="0" style="Default" rotation="0" justify="" flipped="False" hidden="True" data="Atmel AT24C64B-10PU-2.7 EEPROM Memory, 64kbit, 0.6us, 1.8  5.5 V 8-Pin PDIP" />
    <text name="Mouser Part Number" originx="0" originy="0" style="Default" rotation="0" justify="" flipped="False" hidden="True" data="" />
    <text name="Mouser Price/Stock" originx="0" originy="0" style="Default" rotation="0" justify="" flipped="False" hidden="True" data="" />
    <text name="Manufacturer_Name" originx="0" originy="0" style="Default" rotation="0" justify="" flipped="False" hidden="True" data="Microchip" />
    <text name="Manufacturer_Part_Number" originx="850" originy="200" style="Default" rotation="0" justify="left" flipped="False" hidden="False" data="AT24C64B-10PU-2.7" />
  </component>
</quadcept_library>
